"Individual","Population","Ogo2","Ogo2.1","Ogo4","Ogo4.1","Omm1080","Omm1080.1","Ots201b","Ots201b.1","Ots208b","Ots208b.1","Ots211","Ots211.1","Ots212","Ots212.1","Ots213","Ots213.1","Ots3M","Ots3M.1","Ots9","Ots9.1","OtsG474","OtsG474.1","Ssa408","Ssa408.1"
"EelR.1","EelR",220,222,136,136,230,274,210,222,182,206,256,284,143,143,NA,NA,148,148,105,105,156,156,188,236
"EelR.2","EelR",220,222,136,136,222,270,210,210,190,222,216,252,143,171,258,290,156,156,105,105,156,172,216,232
"EelR.3","EelR",NA,NA,136,136,206,270,202,226,202,210,216,224,143,143,246,290,138,150,105,107,156,156,236,236
"EelR.4","EelR",220,222,136,162,270,326,141,198,222,318,216,220,143,167,246,326,156,156,NA,NA,156,172,216,248
"EelR.5","EelR",220,220,136,136,242,262,194,198,210,210,216,276,143,143,282,330,148,156,105,105,156,156,188,236
"EelR.6","EelR",222,224,136,136,242,326,178,206,230,246,264,280,147,183,206,282,148,148,105,105,172,184,188,236
"EelR.7","EelR",220,222,136,136,258,278,173,214,206,210,252,284,159,167,250,278,138,150,105,107,156,204,184,232
"EelR.8","EelR",222,222,136,136,222,274,173,194,258,318,244,252,143,159,246,286,138,156,105,105,156,156,188,216
"EelR.9","EelR",218,220,136,136,358,386,173,218,190,214,216,256,143,143,282,330,148,148,105,109,156,172,196,240
"EelR.10","EelR",216,216,136,150,270,278,165,173,206,258,216,256,143,171,206,258,148,148,105,109,156,164,184,196
"EelR.11","EelR",220,220,136,136,250,374,173,182,206,218,248,264,143,159,318,322,138,138,105,109,156,168,216,244
"EelR.12","EelR",220,222,136,136,358,374,186,226,206,226,256,264,143,143,246,330,138,148,105,105,156,156,216,236
"EelR.13","EelR",222,226,132,136,222,350,218,230,194,222,244,264,143,159,242,242,148,150,105,107,156,156,188,212
"EelR.14","EelR",216,222,136,136,NA,NA,173,218,206,218,248,256,143,163,206,246,156,156,105,105,156,156,212,236
"EelR.15","EelR",220,222,136,136,214,230,206,222,190,206,216,252,147,175,234,282,148,156,105,107,156,156,188,236
"EelR.16","EelR",220,220,136,150,254,270,190,210,206,250,220,236,143,143,250,278,138,156,105,105,156,192,196,216
"EelR.17","EelR",220,222,136,136,206,206,137,165,206,210,220,220,143,159,290,326,148,150,NA,NA,156,200,188,224
"EelR.18","EelR",220,220,136,150,270,358,186,194,206,210,220,236,143,167,258,326,146,148,105,105,156,156,216,232
"EelR.19","EelR",222,242,136,136,210,274,165,173,194,210,268,276,143,143,246,282,146,148,105,109,156,172,208,236
"EelR.20","EelR",218,222,136,140,270,326,202,218,206,206,220,244,143,143,246,270,138,148,105,105,156,156,216,240
"EelR.21","EelR",222,222,136,136,NA,NA,186,198,178,206,244,252,143,171,266,270,138,142,105,107,156,160,236,244
"EelR.22","EelR",220,222,136,138,218,334,202,222,182,218,248,280,171,239,206,246,148,148,105,107,156,172,NA,NA
"EelR.23","EelR",220,222,136,138,NA,NA,190,198,178,206,NA,NA,139,171,246,266,138,142,105,109,156,160,236,236
"EelR.24","EelR",220,220,136,136,NA,NA,141,173,190,206,252,276,143,183,246,318,136,148,109,109,156,172,236,244
"EelR.25","EelR",220,220,136,136,NA,NA,173,173,186,214,216,220,143,143,242,250,148,148,105,105,156,172,216,216
"EelR.26","EelR",220,222,136,136,258,270,137,198,182,190,256,284,143,163,258,278,138,148,109,109,156,172,184,188
"EelR.27","EelR",222,222,136,136,246,342,165,210,206,222,212,252,167,175,242,278,148,148,105,105,156,156,216,236
"EelR.28","EelR",220,222,136,136,NA,NA,182,222,218,222,NA,NA,143,163,206,282,142,148,109,109,156,156,188,196
"EelR.29","EelR",222,222,136,136,NA,NA,206,222,214,230,220,256,143,179,242,242,148,150,107,107,156,176,184,188
"EelR.30","EelR",222,224,136,136,254,262,NA,NA,182,214,208,236,143,143,246,266,136,148,105,109,156,184,NA,NA
"EelR.31","EelR",218,220,136,136,262,266,173,198,186,250,220,256,143,147,246,306,138,148,NA,NA,156,176,236,244
"EelR.32","EelR",218,222,138,150,258,258,141,230,182,210,284,284,147,171,242,290,138,156,109,109,156,172,184,216
"EelR.33","EelR",218,222,136,150,262,294,186,194,182,318,220,252,143,143,282,310,148,148,107,107,156,156,216,216
"EelR.34","EelR",220,222,136,136,NA,NA,173,178,NA,NA,220,244,143,179,270,282,138,148,109,109,156,156,224,240
"EelR.35","EelR",216,222,138,138,226,262,178,202,NA,NA,216,244,163,179,258,282,138,150,105,109,156,176,236,248
"EelR.36","EelR",220,222,136,136,230,282,182,230,198,206,216,232,175,183,270,314,148,150,107,107,156,200,188,216
"EelR.37","EelR",218,220,136,136,NA,NA,202,246,NA,NA,236,264,143,147,250,282,138,150,107,107,NA,NA,NA,NA
"EelR.38","EelR",220,220,136,136,258,274,194,194,NA,NA,NA,NA,143,183,242,274,138,148,105,107,156,156,NA,NA
"EelR.39","EelR",220,220,136,136,254,258,141,182,194,210,216,284,143,163,242,282,148,156,105,105,156,156,NA,NA
"EelR.40","EelR",220,242,136,136,258,298,198,210,NA,NA,216,216,143,179,246,270,138,150,105,105,156,212,NA,NA
"EelR.41","EelR",220,222,136,138,274,286,194,210,218,218,252,276,143,143,242,250,138,148,105,109,156,156,196,216
"EelR.42","EelR",220,222,136,136,270,338,182,206,210,230,NA,NA,159,183,238,242,138,148,105,107,156,172,NA,NA
"EelR.43","EelR",220,222,132,136,NA,NA,206,218,206,206,252,284,143,155,282,322,138,138,105,105,156,156,NA,NA
"EelR.44","EelR",218,220,136,136,274,286,186,210,202,202,276,288,143,159,242,250,142,148,105,109,156,156,216,244
"EelR.45","EelR",220,222,132,136,NA,NA,194,218,194,222,220,236,159,167,206,242,148,148,105,109,156,156,NA,NA
"EelR.46","EelR",216,232,136,138,NA,NA,165,194,214,218,216,216,171,171,206,282,148,156,105,109,156,156,NA,NA
"EelR.47","EelR",222,224,136,136,NA,NA,222,230,210,210,216,220,143,143,282,322,156,156,105,107,156,172,NA,NA
"EelR.48","EelR",220,222,136,136,242,270,173,230,190,206,216,216,143,159,242,290,142,148,105,107,156,156,236,244
"EelR.49","EelR",218,222,136,136,290,326,182,230,206,206,232,248,143,175,258,314,148,150,105,107,156,168,188,216
"EelR.50","EelR",220,222,136,136,NA,NA,182,194,210,214,264,280,143,175,250,258,148,156,109,109,156,156,248,248
"EelR.51","EelR",216,220,136,136,NA,NA,194,210,206,210,216,272,143,143,210,250,156,156,105,109,156,168,196,232
"EelR.52","EelR",220,222,136,136,NA,NA,198,202,NA,NA,NA,NA,171,175,258,270,146,148,105,107,156,156,184,216
"EelR.53","EelR",220,222,136,158,326,334,141,202,206,206,252,264,163,167,250,254,148,150,105,107,156,156,212,212
"EelR.54","EelR",220,222,136,136,NA,NA,141,222,210,210,216,252,143,171,250,314,148,148,105,109,164,212,NA,NA
"EelR.55","EelR",222,222,136,136,226,270,165,230,206,206,216,280,143,143,258,290,142,148,107,109,156,156,196,212
"EelR.56","EelR",216,220,136,136,222,246,202,226,178,206,220,280,143,171,282,290,146,150,105,109,156,156,216,244
"EelR.57","EelR",216,220,136,150,262,274,186,206,190,206,220,252,143,147,282,282,148,148,107,109,156,156,188,236
"EelR.58","EelR",220,220,136,136,230,266,173,214,198,218,216,220,143,143,242,318,138,138,107,109,168,192,236,248
"EelR.59","EelR",220,222,136,136,NA,NA,226,230,206,214,216,220,143,143,246,282,NA,NA,107,107,156,156,184,244
"EelR.60","EelR",222,242,136,136,250,254,198,210,262,314,252,264,143,163,242,250,138,138,105,109,156,156,188,236
"EelR.61","EelR",222,222,136,136,254,326,194,198,NA,NA,216,244,143,155,206,250,146,148,105,105,156,156,NA,NA
"EelR.62","EelR",220,222,136,136,270,350,226,230,190,194,256,280,143,163,250,282,150,150,109,109,156,156,188,188
"EelR.63","EelR",220,222,136,136,274,362,186,194,NA,NA,216,252,159,183,206,286,138,150,105,105,156,156,224,236
"EelR.64","EelR",220,222,136,136,262,326,141,222,214,218,220,280,143,171,250,290,NA,NA,105,105,156,176,188,196
"EelR.65","EelR",222,222,136,136,266,334,194,222,210,214,220,220,143,143,250,290,146,148,107,107,156,156,196,240
"EelR.66","EelR",220,224,136,136,274,326,218,218,190,218,252,280,159,163,270,282,142,150,105,109,176,184,196,200
"EelR.67","EelR",218,220,136,136,270,366,202,206,206,218,NA,NA,143,175,206,290,138,148,105,109,156,168,216,244
"EelR.68","EelR",216,220,136,136,226,278,182,218,190,222,216,280,135,159,322,330,148,150,105,109,156,156,212,228
"EelR.69","EelR",220,222,136,136,NA,NA,198,226,214,222,252,280,143,143,242,270,138,156,105,105,156,156,188,212
"EelR.70","EelR",220,222,136,136,NA,NA,198,218,190,222,216,256,143,163,278,278,150,156,109,109,156,156,240,252
"EelR.71","EelR",218,220,136,136,NA,NA,194,206,206,222,216,248,143,143,210,250,138,156,109,109,156,168,216,236
"EelR.72","EelR",220,222,136,136,NA,NA,173,210,206,218,NA,NA,143,159,242,282,138,148,107,109,156,156,NA,NA
"EelR.73","EelR",220,222,136,138,270,282,165,194,210,322,280,280,143,171,NA,NA,NA,NA,105,109,156,156,236,236
"EelR.74","EelR",220,220,138,150,242,282,194,194,218,226,220,252,147,175,NA,NA,138,156,107,109,156,156,216,236
"EelR.75","EelR",218,220,136,138,290,290,141,173,210,214,220,264,143,171,242,282,148,148,105,107,156,156,232,236
"EelR.76","EelR",220,222,136,136,218,270,206,210,190,190,220,220,143,183,NA,NA,148,150,105,105,156,156,216,248
"EelR.77","EelR",220,222,136,136,218,270,206,210,190,302,220,220,143,183,282,294,148,150,105,105,156,156,216,248
"EelR.78","EelR",222,222,136,136,NA,NA,169,222,206,210,216,220,163,183,NA,NA,148,150,105,105,156,156,240,248
"EelR.79","EelR",220,220,136,136,350,350,194,210,210,222,216,280,171,179,246,258,148,156,107,107,156,156,216,264
"EelR.80","EelR",220,222,136,136,230,318,210,230,210,322,220,256,143,159,NA,NA,148,150,105,107,156,156,244,248
"EelR.81","EelR",220,222,136,140,262,278,206,210,214,222,220,296,143,163,246,282,148,150,105,109,172,192,244,244
"EelR.82","EelR",220,220,136,138,210,210,141,202,214,218,236,252,143,175,NA,NA,148,156,107,109,156,156,NA,NA
"EelR.83","EelR",218,220,136,136,206,222,198,202,202,238,NA,NA,163,171,NA,NA,NA,NA,105,107,156,156,236,240
"EelR.84","EelR",220,220,136,136,242,242,182,226,158,210,256,264,143,143,NA,NA,148,150,105,105,184,192,216,236
"EelR.85","EelR",220,220,136,136,242,242,182,226,158,210,NA,NA,143,143,NA,NA,148,150,105,105,184,192,216,236
"EelR.86","EelR",222,222,136,136,266,354,173,222,194,226,220,280,143,143,246,278,148,148,105,107,156,156,240,248
"EelR.87","EelR",220,222,136,136,226,286,206,230,206,218,NA,NA,143,171,NA,NA,NA,NA,105,109,156,192,236,240
"EelR.88","EelR",NA,NA,136,136,222,270,173,186,190,194,NA,NA,143,159,NA,NA,NA,NA,105,109,156,176,188,236
"EelR.89","EelR",222,222,136,136,270,346,226,242,210,218,216,216,143,143,258,282,138,138,105,107,156,164,188,248
"EelR.90","EelR",218,220,136,136,274,326,194,206,210,214,228,252,143,159,282,290,148,150,107,109,156,156,216,236
"EelR.91","EelR",NA,NA,136,136,258,346,226,226,182,210,256,264,143,175,NA,NA,138,146,105,105,NA,NA,184,236
"EelR.92","EelR",220,222,136,150,334,334,165,173,206,214,220,284,143,143,242,282,138,150,105,105,156,156,236,244
"EelR.93","EelR",220,242,136,136,226,298,198,198,NA,NA,220,252,159,175,246,246,138,148,105,105,156,156,212,216
"EelR.94","EelR",220,222,136,136,206,374,186,226,206,226,252,280,143,143,282,330,138,138,105,105,156,156,188,196
"EelR.95","EelR",220,220,136,136,222,222,194,202,206,210,216,252,143,155,206,270,148,148,105,105,156,156,236,244
"EelR.96","EelR",220,222,136,136,262,266,178,222,206,210,216,252,143,183,250,322,148,150,105,105,156,168,188,216
"EelR.97","EelR",220,220,136,140,238,270,182,246,210,322,216,228,143,143,206,330,148,148,105,105,156,156,188,216
"EelR.98","EelR",216,220,136,136,206,246,210,210,234,314,220,252,143,167,246,282,148,148,105,107,156,156,216,236
"EelR.99","EelR",220,222,136,136,270,338,165,210,182,210,220,220,143,143,NA,NA,NA,NA,105,105,156,156,212,244
"EelR.100","EelR",220,220,136,136,346,350,202,226,202,238,216,220,143,171,206,282,136,156,105,105,156,176,188,244
"EelR.101","EelR",220,220,136,136,250,274,165,194,198,210,220,256,143,155,234,242,138,148,107,109,156,156,236,236
"EelR.102","EelR",220,222,136,136,266,346,173,202,206,210,220,220,143,163,262,326,148,150,107,109,156,156,196,236
"EelR.103","EelR",218,222,136,136,246,254,141,165,206,314,216,284,143,183,282,282,148,148,105,107,156,156,188,236
"EelR.104","EelR",220,220,136,136,206,218,218,222,190,314,220,220,143,171,242,250,138,156,105,105,156,156,216,236
"EelR.105","EelR",220,222,136,150,230,258,202,226,210,222,220,284,143,143,246,318,150,150,105,105,176,176,216,264
"EelR.106","EelR",220,224,136,136,262,366,206,210,174,206,244,280,143,167,242,318,148,148,105,107,156,176,236,264
"EelR.107","EelR",220,220,136,136,270,326,165,186,202,206,220,256,143,175,278,282,146,156,105,107,156,184,216,232
"EelR.108","EelR",216,222,136,150,250,250,218,230,190,214,244,280,143,163,290,318,138,156,105,109,156,156,188,248
"EelR.109","EelR",220,220,136,138,238,286,165,194,182,190,216,256,163,183,246,298,138,148,107,109,156,164,188,236
"EelR.110","EelR",220,220,138,150,270,306,226,230,254,306,212,244,143,155,282,290,138,148,105,107,156,156,188,196
"EelR.111","EelR",220,220,136,136,234,326,173,186,206,218,216,280,143,183,NA,NA,148,150,105,105,156,172,188,248
"EelR.112","EelR",220,222,136,138,262,266,190,230,182,262,220,284,143,143,270,278,148,150,105,107,156,168,216,264
"EelR.113","EelR",216,220,136,136,270,274,210,226,194,206,244,252,171,171,226,330,148,156,107,109,156,156,196,236
"EelR.114","EelR",220,220,132,136,226,278,206,218,210,218,208,256,143,175,258,334,138,156,105,105,156,156,188,244
"EelR.115","EelR",220,232,136,136,222,310,198,222,182,202,216,276,143,167,246,250,138,156,107,109,156,156,216,236
"EelR.116","EelR",220,222,136,150,254,262,182,226,158,218,216,264,143,143,242,282,148,156,105,109,156,156,188,236
"EelR.117","EelR",220,222,136,136,254,290,210,230,314,318,216,248,143,175,242,282,138,150,105,107,156,156,236,248
"EelR.118","EelR",220,220,136,136,326,358,194,206,198,206,220,252,143,163,250,282,138,148,105,107,156,156,236,240
"EelR.119","EelR",216,222,136,150,214,286,206,210,206,214,208,280,143,147,250,282,138,148,105,105,156,156,236,264
"EelR.120","EelR",220,222,136,136,278,290,173,226,206,222,216,220,143,171,246,270,148,156,105,105,156,184,232,248
"EelR.121","EelR",218,222,136,136,266,270,186,202,210,214,216,236,143,143,242,294,138,148,105,107,156,156,236,236
"EelR.122","EelR",220,222,136,136,266,362,173,190,186,206,252,276,143,143,270,282,138,146,109,109,156,156,240,244
"EelR.123","EelR",220,222,136,140,178,230,173,226,182,190,216,220,143,167,290,318,138,156,109,109,156,176,232,240
"EelR.124","EelR",220,222,132,150,266,270,173,226,190,218,220,280,159,171,242,246,148,148,105,107,156,176,184,236
"EelR.125","EelR",220,222,136,150,222,270,210,218,190,222,248,248,143,171,206,290,138,148,105,105,156,156,188,216
"EelR.126","EelR",220,222,136,150,334,366,194,222,202,234,216,244,143,143,246,278,148,150,105,105,156,172,216,244
"EelR.127","EelR",224,224,136,136,254,262,173,230,182,182,224,228,143,147,242,258,148,156,105,105,156,156,236,248
"EelR.128","EelR",220,222,136,136,226,282,198,222,214,298,216,252,143,143,NA,NA,138,148,107,109,156,156,188,236
"EelR.129","EelR",220,222,136,136,222,282,226,234,202,214,256,280,143,155,254,270,148,150,105,105,172,176,236,248
"EelR.130","EelR",216,220,136,136,242,258,190,218,210,214,216,252,143,143,278,286,138,150,109,109,156,156,188,216
"EelR.131","EelR",220,220,136,136,222,342,182,218,190,214,216,280,155,171,206,322,138,156,105,105,156,184,236,244
"EelR.132","EelR",220,232,132,136,358,358,198,206,182,194,236,256,143,159,318,330,148,150,105,105,156,160,188,236
"EelR.133","EelR",220,220,132,138,218,222,194,230,182,214,220,284,143,163,246,250,146,150,105,109,156,156,240,248
"EelR.134","EelR",222,222,136,136,250,266,218,222,194,222,216,220,143,175,NA,NA,138,148,105,105,156,156,188,240
"FeatherHfa.1","FeatherHfa",222,226,136,136,266,322,NA,NA,234,250,216,232,139,139,234,242,136,148,105,109,168,184,204,216
"FeatherHfa.2","FeatherHfa",222,226,136,138,318,330,190,198,218,274,252,268,175,195,234,246,150,150,105,109,168,172,NA,NA
"FeatherHfa.3","FeatherHfa",220,222,NA,NA,274,274,161,186,170,298,212,276,135,207,238,270,146,148,109,109,152,168,NA,NA
"FeatherHfa.4","FeatherHfa",222,224,132,136,262,266,161,214,206,258,244,276,135,187,282,306,136,150,105,109,168,192,216,232
"FeatherHfa.5","FeatherHfa",222,228,132,136,274,318,173,210,286,286,272,276,195,231,266,286,144,150,105,105,152,180,220,232
"FeatherHfa.6","FeatherHfa",222,222,136,136,298,346,198,218,NA,NA,240,248,183,183,266,314,148,150,105,105,168,196,236,236
"FeatherHfa.7","FeatherHfa",222,222,132,132,278,306,190,202,226,258,252,256,171,191,302,318,136,138,105,105,184,196,200,216
"FeatherHfa.8","FeatherHfa",NA,NA,136,158,254,266,178,190,274,298,212,220,143,151,282,314,138,152,105,109,NA,NA,212,236
"FeatherHfa.9","FeatherHfa",222,226,132,136,210,290,161,186,274,286,224,272,191,231,262,314,148,154,105,109,152,176,224,232
"FeatherHfa.10","FeatherHfa",220,222,136,136,218,294,186,190,186,266,272,272,179,231,290,338,148,150,105,107,168,192,216,256
"FeatherHfa.11","FeatherHfa",222,222,136,136,214,306,210,222,206,238,248,276,135,191,246,270,150,150,105,109,180,188,220,220
"FeatherHfa.12","FeatherHfa",222,224,136,136,274,278,182,226,170,274,204,240,135,207,282,314,136,146,105,105,156,168,NA,NA
"FeatherHfa.13","FeatherHfa",222,222,136,136,274,278,190,226,158,286,212,244,163,167,278,310,138,150,105,109,192,196,188,200
"FeatherHfa.14","FeatherHfa",224,226,132,136,274,278,165,206,230,250,228,272,175,231,266,298,150,152,105,105,152,188,200,244
"FeatherHfa.15","FeatherHfa",222,228,132,136,262,302,186,190,186,262,220,224,143,143,262,286,148,156,105,105,168,168,188,220
"FeatherHfa.16","FeatherHfa",220,222,132,132,178,274,218,218,234,234,220,240,167,195,234,286,150,154,105,105,168,168,NA,NA
"FeatherHfa.17","FeatherHfa",220,226,136,136,310,342,137,190,254,258,212,236,167,199,242,322,148,150,105,105,152,168,188,244
"FeatherHfa.18","FeatherHfa",222,224,132,158,294,302,173,198,170,246,220,232,207,231,238,302,148,150,105,109,152,176,216,236
"FeatherHfa.19","FeatherHfa",214,220,136,136,254,294,173,190,218,258,200,240,175,183,302,314,150,152,105,109,156,188,208,248
"FeatherHfa.20","FeatherHfa",222,222,132,138,262,338,198,198,254,314,212,260,143,243,222,314,144,150,105,109,168,184,NA,NA
"FeatherHfa.21","FeatherHfa",222,222,136,138,310,322,186,186,158,230,248,268,187,203,266,338,148,150,105,109,184,196,200,208
"FeatherHfa.22","FeatherHfa",222,222,132,136,274,294,178,190,178,270,240,280,191,207,274,294,152,154,107,109,168,168,184,236
"FeatherHfa.23","FeatherHfa",222,222,136,138,270,338,190,230,206,214,216,284,191,207,294,298,144,148,107,109,172,184,NA,NA
"FeatherHfa.24","FeatherHfa",220,224,136,136,298,306,218,222,218,246,244,256,143,163,266,282,146,148,105,109,188,192,200,216
"FeatherHfa.25","FeatherHfa",222,226,136,136,174,294,137,137,NA,NA,224,252,175,191,234,262,148,148,109,109,168,168,204,248
"FeatherHfa.26","FeatherHfa",224,224,136,144,290,306,173,218,210,210,264,268,139,143,238,266,144,144,105,109,176,176,216,240
"FeatherHfa.27","FeatherHfa",222,232,136,158,298,314,214,222,242,242,204,264,139,167,282,282,144,152,105,107,152,152,200,200
"FeatherHfa.28","FeatherHfa",220,222,132,136,278,306,190,218,242,318,220,268,179,203,234,242,148,148,105,109,168,184,232,236
"FeatherHfa.29","FeatherHfa",220,222,132,136,178,262,186,186,158,170,244,268,187,231,238,314,148,150,105,109,152,176,NA,NA
"FeatherHfa.30","FeatherHfa",222,224,158,162,278,286,194,218,170,246,244,284,163,179,258,338,136,150,105,105,168,176,200,200
"FeatherHfa.31","FeatherHfa",220,222,132,158,258,282,173,218,274,274,252,276,143,203,302,302,138,144,109,109,152,168,196,220
"FeatherHfa.32","FeatherHfa",222,224,136,138,178,334,161,198,246,262,220,244,171,175,318,330,148,148,105,109,152,168,200,220
"FeatherHfa.33","FeatherHfa",222,222,136,138,270,278,178,218,170,246,268,276,135,187,234,282,148,148,105,105,180,184,200,216
"FeatherHfa.34","FeatherHfa",220,240,132,136,250,286,222,230,170,206,248,272,171,175,234,298,148,148,105,105,152,168,NA,NA
"FeatherHfa.35","FeatherHfa",226,232,136,136,274,278,190,194,174,206,232,268,143,143,258,266,154,154,105,109,168,196,200,236
"FeatherHfa.36","FeatherHfa",226,226,132,136,214,298,173,190,158,218,240,268,143,171,290,298,144,148,105,109,168,168,204,232
"FeatherHfa.37","FeatherHfa",220,222,136,136,202,210,190,190,258,270,212,244,175,195,290,314,144,148,105,105,168,192,196,248
"FeatherHfa.38","FeatherHfa",222,224,132,158,214,306,186,214,222,258,228,296,135,135,222,266,148,154,105,105,168,176,NA,NA
"FeatherHfa.39","FeatherHfa",224,226,132,132,294,294,194,230,190,234,196,280,143,167,242,302,NA,NA,107,109,180,180,200,220
"FeatherHfa.40","FeatherHfa",222,222,132,136,214,290,173,186,214,250,244,256,179,203,326,326,144,148,105,107,168,192,232,244
"FeatherHfa.41","FeatherHfa",224,232,132,136,306,314,190,218,214,258,208,264,167,243,242,338,136,148,105,109,152,152,208,216
"FeatherHfa.42","FeatherHfa",224,226,132,162,294,298,161,190,274,274,244,276,191,191,302,314,136,148,105,105,168,192,200,248
"FeatherHfa.43","FeatherHfa",220,224,136,136,282,354,182,214,178,226,232,276,179,187,266,274,148,150,105,105,152,192,188,236
"FeatherHfa.44","FeatherHfa",220,222,136,156,174,282,190,218,210,266,196,204,171,195,266,338,150,152,105,107,168,168,188,232
"FeatherHfa.45","FeatherHfa",222,222,136,136,270,342,226,230,178,274,212,248,143,247,246,298,144,148,105,105,168,192,204,224
"FeatherHfa.46","FeatherHfa",224,226,132,136,282,302,182,242,258,322,228,244,171,207,262,306,148,150,105,109,NA,NA,232,244
"FeatherHfa.47","FeatherHfa",222,226,136,162,262,318,186,186,190,190,248,272,163,191,286,314,150,150,105,109,168,180,216,240
"FeatherHfa.48","FeatherHfa",220,226,132,136,278,302,165,190,202,202,256,268,147,179,266,290,146,148,105,107,168,168,188,236
"FeatherHfa.49","FeatherHfa",222,224,132,136,254,270,173,190,222,222,240,256,135,143,262,286,150,150,105,105,188,192,224,236
"FeatherHfa.50","FeatherHfa",224,224,132,136,270,278,NA,NA,218,310,212,244,143,179,298,338,150,152,105,107,168,192,236,244
"FeatherHfa.51","FeatherHfa",222,222,136,138,210,254,198,218,214,218,240,252,163,187,266,282,144,150,105,105,172,184,188,248
"FeatherHfa.52","FeatherHfa",220,222,132,138,270,322,186,190,206,278,264,268,175,175,250,274,144,148,107,109,168,168,196,248
"FeatherHfa.53","FeatherHfa",222,226,132,136,274,282,218,222,166,250,216,240,143,211,238,306,144,144,105,109,184,196,220,236
"FeatherHfa.54","FeatherHfa",220,224,136,136,314,334,194,246,246,246,228,244,143,179,270,314,138,148,105,105,152,152,220,220
"FeatherHfa.55","FeatherHfa",222,222,132,138,298,302,161,186,170,294,208,264,167,171,266,270,144,144,105,105,168,168,200,248
"FeatherHfa.56","FeatherHfa",220,222,NA,NA,294,322,137,190,206,270,220,252,143,187,302,302,144,156,105,107,168,168,236,244
"FeatherHfa.57","FeatherHfa",226,228,136,136,174,270,190,222,242,258,264,264,191,211,266,306,144,148,105,105,168,176,200,232
"FeatherHfa.58","FeatherHfa",222,224,136,136,270,290,173,186,274,286,244,276,231,243,NA,NA,NA,NA,105,105,168,200,200,208
"FeatherHfa.59","FeatherHfa",222,222,132,136,254,302,178,214,190,218,220,244,139,143,234,238,150,152,105,109,168,168,188,200
"FeatherHfa.60","FeatherHfa",222,222,132,162,306,314,173,218,258,286,212,240,167,227,266,266,NA,NA,105,109,168,196,200,236
"FeatherHfa.61","FeatherHfa",222,222,132,144,286,306,242,242,246,258,240,248,175,231,306,338,138,144,105,105,184,196,216,236
"FeatherHfa.62","FeatherHfa",220,222,136,136,274,278,NA,NA,210,270,240,252,195,227,282,318,136,150,NA,NA,152,152,196,200
"FeatherHfa.63","FeatherHfa",224,226,136,136,210,282,186,190,166,258,244,248,135,135,298,314,144,150,105,105,152,168,228,240
"FeatherHfa.64","FeatherHfa",222,224,136,136,290,294,190,218,222,230,236,276,135,171,234,234,138,148,105,105,168,192,188,220
"FeatherHfa.65","FeatherHfa",214,240,138,162,298,314,210,218,258,262,220,272,163,167,266,314,NA,NA,105,105,152,168,216,252
"FeatherHfa.66","FeatherHfa",222,222,132,136,290,302,190,218,210,250,212,220,199,227,262,290,NA,NA,NA,NA,152,196,188,200
"FeatherHfa.67","FeatherHfa",222,240,136,158,286,294,169,190,230,262,204,232,135,143,238,290,136,148,105,109,168,188,220,236
"FeatherHfa.68","FeatherHfa",220,224,136,136,210,270,173,210,218,246,208,212,143,179,258,314,148,150,107,109,168,180,204,220
"FeatherHfa.69","FeatherHfa",222,226,132,136,306,326,190,194,226,242,248,248,135,191,278,294,136,150,NA,NA,168,176,228,244
"FeatherHfa.70","FeatherHfa",222,222,132,150,270,338,190,198,234,266,272,272,171,187,314,318,144,144,105,105,168,200,208,244
"FeatherHfa.71","FeatherHfa",220,226,132,136,266,358,190,218,174,298,240,256,135,171,238,262,148,150,105,109,152,168,236,248
"FeatherHfa.72","FeatherHfa",220,240,136,158,254,298,218,238,158,234,212,224,143,179,242,290,NA,NA,NA,NA,152,168,216,220
"FeatherHfa.73","FeatherHfa",222,228,136,136,294,310,182,202,158,278,216,276,187,195,234,330,144,148,105,109,176,184,216,248
"FeatherHfa.74","FeatherHfa",220,222,132,136,274,354,186,210,238,238,212,252,135,183,258,294,144,154,105,109,168,168,220,244
"FeatherHfa.75","FeatherHfa",222,222,136,162,290,342,194,214,174,238,204,264,143,227,278,314,150,154,105,105,168,188,204,240
"FeatherHfa.76","FeatherHfa",224,226,136,136,210,318,218,226,194,230,244,272,143,207,266,306,150,154,105,109,168,168,188,208
"FeatherHfa.77","FeatherHfa",222,224,132,136,310,326,161,186,174,206,212,244,143,143,242,306,144,150,105,105,152,176,200,240
"FeatherHfa.78","FeatherHfa",220,226,136,138,178,294,186,218,NA,NA,260,280,143,175,302,314,NA,NA,105,105,180,188,188,252
"FeatherHfa.79","FeatherHfa",220,220,132,136,262,286,165,194,170,266,248,272,135,175,262,274,150,150,105,109,152,152,216,240
"FeatherHfa.80","FeatherHfa",220,240,136,162,282,350,190,218,174,186,244,248,143,143,234,314,148,148,105,109,168,168,220,220
"FeatherHfa.81","FeatherHfa",228,228,136,136,314,322,190,210,210,258,228,272,167,199,282,306,144,148,105,109,188,188,216,252
"FeatherHfa.82","FeatherHfa",222,224,132,136,270,270,173,214,190,254,220,248,195,243,NA,NA,140,154,105,105,152,168,NA,NA
"FeatherHfa.83","FeatherHfa",222,224,132,136,278,294,190,230,230,234,NA,NA,155,187,238,310,154,154,105,105,152,168,200,212
"FeatherHfa.84","FeatherHfa",224,226,132,136,266,294,169,190,186,258,252,260,187,187,302,322,148,150,107,109,152,152,204,232
"FeatherHfa.85","FeatherHfa",222,240,132,136,262,306,173,190,214,250,200,208,135,163,270,314,136,146,105,109,168,172,196,240
"FeatherHfa.86","FeatherHfa",224,226,136,136,270,278,186,278,250,294,212,264,135,207,278,318,NA,NA,NA,NA,168,192,228,240
"FeatherHfa.87","FeatherHfa",226,228,138,150,178,294,202,218,214,242,228,240,135,143,262,310,NA,NA,NA,NA,176,176,236,248
"FeatherHfa.88","FeatherHfa",220,226,136,136,174,286,173,190,226,302,228,244,143,187,302,318,NA,NA,105,105,152,168,188,188
"FeatherHfa.89","FeatherHfa",224,226,132,132,NA,NA,161,186,170,254,240,256,191,231,234,270,144,144,107,107,172,188,228,244
"FeatherHfa.90","FeatherHfa",222,222,136,136,294,298,210,214,214,226,212,244,179,183,266,298,144,152,105,105,172,188,200,224
"FeatherHfa.91","FeatherHfa",222,222,132,162,278,310,210,210,262,322,268,272,135,211,266,286,144,148,105,105,152,184,200,240
"FeatherHfa.92","FeatherHfa",222,228,136,162,306,326,202,210,206,266,244,276,135,175,238,314,136,148,105,107,168,176,NA,NA
"FeatherHfa.93","FeatherHfa",224,226,132,132,290,298,141,190,246,250,212,244,147,247,270,278,NA,NA,107,109,152,152,200,220
"FeatherHfa.94","FeatherHfa",220,226,136,158,290,306,190,210,222,222,232,276,167,171,282,298,144,150,105,105,152,184,196,248
"FeatherHfa.95","FeatherHfa",222,228,136,158,274,274,169,190,178,178,240,292,143,167,NA,NA,NA,NA,NA,NA,168,168,188,240
"FeatherHfa.96","FeatherHfa",226,226,136,138,286,286,218,226,222,250,224,240,179,183,242,302,136,154,NA,NA,152,168,188,220
"FeatherHfa.97","FeatherHfa",222,222,132,138,210,282,218,218,238,246,244,264,143,195,242,278,152,154,105,109,152,168,NA,NA
"FeatherHfa.98","FeatherHfa",222,226,136,136,NA,NA,210,250,206,250,232,244,NA,NA,262,302,150,154,105,105,168,188,NA,NA
"FeatherHfa.99","FeatherHfa",224,224,136,136,218,278,NA,NA,298,362,196,268,143,203,242,242,144,154,105,105,188,192,188,204
"FeatherHfa.100","FeatherHfa",222,226,136,138,NA,NA,186,250,178,222,220,224,151,167,246,278,142,144,NA,NA,176,180,220,256
"FeatherHfa.101","FeatherHfa",222,222,136,136,210,278,178,210,178,214,208,228,NA,NA,250,262,NA,NA,105,105,152,168,200,244
"FeatherHfa.102","FeatherHfa",222,240,136,138,NA,NA,190,194,170,266,240,248,135,175,278,326,136,144,105,109,152,168,208,216
"FeatherHfa.103","FeatherHfa",220,226,NA,NA,NA,NA,173,218,206,274,220,276,151,171,290,298,144,154,105,109,168,168,NA,NA
"FeatherHfa.104","FeatherHfa",222,222,132,136,NA,NA,218,254,214,214,244,248,143,183,246,274,148,148,105,105,168,168,NA,NA
"FeatherHfa.105","FeatherHfa",222,224,132,136,NA,NA,218,246,170,254,200,244,NA,NA,282,310,136,144,105,105,168,168,NA,NA
"FeatherHfa.106","FeatherHfa",222,222,132,136,274,294,218,222,170,342,216,228,135,171,250,302,146,150,105,105,152,172,NA,NA
"FeatherHfa.107","FeatherHfa",220,222,136,136,274,290,161,218,174,262,212,244,175,195,278,314,148,148,105,107,168,184,188,204
"FeatherHfa.108","FeatherHfa",222,224,136,158,178,258,161,194,170,238,224,268,135,195,278,282,148,150,105,105,152,168,208,236
"FeatherHfa.109","FeatherHfa",252,252,136,136,270,322,173,186,230,254,NA,NA,143,223,242,302,NA,NA,NA,NA,168,168,240,248
"FeatherHfa.110","FeatherHfa",222,224,136,136,278,282,178,230,210,242,232,256,163,207,302,314,144,150,105,107,152,168,228,252
"FeatherHfa.111","FeatherHfa",224,224,132,136,174,278,186,218,226,274,NA,NA,183,195,266,306,NA,NA,105,109,172,188,216,236
"FeatherHfa.112","FeatherHfa",224,226,132,138,290,306,137,230,258,274,244,276,167,199,250,318,148,150,105,105,152,192,240,256
"FeatherHfa.113","FeatherHfa",220,224,136,138,NA,NA,190,230,178,214,244,244,143,183,314,314,144,148,NA,NA,168,172,NA,NA
"FeatherHfa.114","FeatherHfa",222,226,136,138,282,298,186,218,314,314,216,220,135,195,270,302,150,154,105,105,152,168,200,216
"FeatherHfa.115","FeatherHfa",NA,NA,136,136,266,338,190,202,210,246,232,252,143,247,238,258,136,156,105,109,168,192,220,224
"FeatherHfa.116","FeatherHfa",NA,NA,132,136,298,314,186,190,226,266,196,220,143,195,286,306,144,152,105,109,NA,NA,220,244
"FeatherHfa.117","FeatherHfa",220,224,132,136,298,302,173,194,250,310,252,272,143,191,234,234,NA,NA,105,109,168,184,184,216
"FeatherHfa.118","FeatherHfa",222,226,132,136,282,290,173,242,198,242,216,248,167,191,258,278,148,150,105,109,168,176,NA,NA
"FeatherHfa.119","FeatherHfa",222,222,132,162,302,322,186,194,238,266,244,276,167,187,242,290,NA,NA,105,109,152,168,216,240
"FeatherHfa.120","FeatherHfa",222,222,136,136,294,298,190,190,178,282,NA,NA,143,183,266,270,NA,NA,105,109,172,184,196,212
"FeatherHfa.121","FeatherHfa",220,226,132,136,266,334,210,214,206,218,224,260,143,207,278,314,148,148,105,105,168,184,NA,NA
"FeatherHfa.122","FeatherHfa",222,222,136,138,270,330,186,194,242,278,276,276,151,203,274,274,148,150,105,105,152,192,200,216
"FeatherHfa.123","FeatherHfa",214,228,136,136,262,294,161,226,210,214,NA,NA,183,199,234,282,NA,NA,107,107,NA,NA,NA,NA
"FeatherHfa.124","FeatherHfa",222,240,132,136,298,314,226,234,186,214,196,244,143,143,242,302,136,154,105,109,156,192,200,220
"FeatherHfa.125","FeatherHfa",222,222,138,138,218,262,161,186,242,258,244,276,163,187,234,270,138,148,105,105,168,180,232,240
"FeatherHfa.126","FeatherHfa",214,222,136,136,214,278,190,218,190,218,200,268,223,227,266,330,148,150,105,109,168,168,NA,NA
"FeatherHfa.127","FeatherHfa",222,224,136,158,202,342,173,190,258,282,228,244,135,171,298,310,136,150,105,105,172,188,188,236
"FeatherHfa.128","FeatherHfa",222,224,132,136,282,338,173,218,202,214,268,268,163,191,266,266,NA,NA,105,105,184,188,200,232
"FeatherHfa.129","FeatherHfa",222,224,136,136,262,298,190,218,174,266,244,244,143,183,242,266,150,152,105,107,168,176,200,220
"FeatherHfa.130","FeatherHfa",222,226,132,136,294,310,NA,NA,194,214,NA,NA,143,211,258,262,NA,NA,105,105,168,172,188,228
"FeatherHfa.131","FeatherHfa",224,252,132,136,270,274,137,161,254,258,244,276,179,223,302,318,146,152,105,109,168,196,200,240
"FeatherHfa.132","FeatherHfa",222,226,132,136,262,298,194,218,318,318,220,244,135,143,270,318,148,154,105,109,152,188,220,240
"FeatherHfa.133","FeatherHfa",220,226,136,136,270,270,186,226,170,242,256,268,NA,NA,242,286,146,148,105,109,152,192,NA,NA
"FeatherHfa.134","FeatherHfa",222,222,132,162,178,298,NA,NA,174,278,NA,NA,NA,NA,262,302,136,150,105,105,NA,NA,188,236
"FeatherHfa.135","FeatherHfa",222,228,136,136,294,294,182,214,210,258,NA,NA,167,167,266,338,144,146,105,105,152,168,NA,NA
"FeatherHfa.136","FeatherHfa",220,226,132,136,302,314,161,210,170,246,224,228,143,247,242,242,144,148,109,109,168,184,NA,NA
"FeatherHfa.137","FeatherHfa",220,222,136,136,254,274,226,242,170,190,NA,NA,179,211,238,270,136,152,105,105,152,152,NA,NA
"FeatherHfa.138","FeatherHfa",224,226,136,162,210,282,186,190,166,258,240,244,179,227,NA,NA,136,144,105,105,NA,NA,NA,NA
"FeatherHfa.139","FeatherHfa",224,226,136,136,282,318,194,226,230,282,220,264,135,187,234,282,144,146,105,109,152,172,NA,NA
"FeatherHfa.140","FeatherHfa",220,226,136,138,NA,NA,190,190,174,190,244,252,NA,NA,238,302,150,150,NA,NA,NA,NA,220,244
"FeatherHfa.141","FeatherHfa",220,220,132,136,210,314,190,190,170,270,248,260,179,187,326,326,150,150,105,109,172,188,188,236
"FeatherHfa.142","FeatherHfa",220,226,136,136,278,306,210,226,174,222,244,252,143,167,278,282,NA,NA,105,105,176,180,200,220
"FeatherHfa.143","FeatherHfa",224,224,136,136,286,294,173,218,166,202,252,252,167,171,282,302,144,154,105,109,152,168,NA,NA
"FeatherHfa.144","FeatherHfa",224,224,136,136,274,294,137,242,218,230,256,276,199,243,NA,NA,154,156,105,109,152,180,NA,NA
"FeatherHsp.1","FeatherHsp",222,222,136,138,270,310,161,186,206,278,252,256,191,231,282,298,144,148,105,109,152,184,200,200
"FeatherHsp.2","FeatherHsp",222,224,136,138,270,278,137,190,178,274,260,272,139,171,234,278,150,150,105,105,168,184,212,244
"FeatherHsp.3","FeatherHsp",224,226,132,138,270,294,190,222,246,298,220,244,135,139,238,318,136,150,105,105,152,168,232,232
"FeatherHsp.4","FeatherHsp",220,240,136,150,278,310,186,258,194,274,268,272,135,143,290,330,144,148,105,105,152,176,200,220
"FeatherHsp.5","FeatherHsp",224,226,136,136,278,282,137,194,190,190,228,252,139,143,294,302,150,152,107,109,168,192,216,232
"FeatherHsp.6","FeatherHsp",222,252,132,136,178,266,210,226,258,270,240,244,147,175,234,266,144,148,105,109,152,168,188,216
"FeatherHsp.7","FeatherHsp",224,226,132,136,266,338,173,186,246,286,224,244,143,175,314,314,138,150,105,105,168,196,220,248
"FeatherHsp.8","FeatherHsp",222,224,132,136,262,278,186,194,170,242,212,252,143,187,262,290,146,148,NA,NA,156,176,240,248
"FeatherHsp.9","FeatherHsp",222,224,132,136,274,278,186,194,170,242,204,252,135,187,262,290,146,148,105,109,156,176,248,276
"FeatherHsp.10","FeatherHsp",220,224,136,136,302,310,190,210,222,254,212,244,135,179,234,266,148,150,105,109,168,176,204,204
"FeatherHsp.11","FeatherHsp",222,226,132,132,270,290,182,222,230,246,236,248,139,227,238,238,144,144,105,105,152,168,200,216
"FeatherHsp.12","FeatherHsp",224,226,136,138,286,298,173,218,210,254,244,248,147,151,NA,NA,146,150,105,107,152,168,200,236
"FeatherHsp.13","FeatherHsp",222,232,136,136,310,314,190,206,178,266,252,284,147,167,250,266,148,148,109,109,168,180,200,232
"FeatherHsp.14","FeatherHsp",222,222,138,138,270,342,161,173,206,286,224,252,163,191,242,298,144,148,105,105,152,168,208,248
"FeatherHsp.15","FeatherHsp",224,226,136,136,270,338,161,186,170,262,268,280,135,175,282,302,136,148,105,105,172,180,204,220
"FeatherHsp.16","FeatherHsp",222,224,136,136,178,290,173,186,314,314,240,248,175,175,290,314,148,148,105,109,168,184,216,232
"FeatherHsp.17","FeatherHsp",222,222,136,136,270,314,137,173,234,258,232,252,195,199,258,262,152,154,105,107,152,184,200,232
"FeatherHsp.18","FeatherHsp",222,224,136,136,254,274,210,226,174,190,232,232,191,207,302,338,148,150,105,107,152,192,224,232
"FeatherHsp.19","FeatherHsp",220,226,132,136,266,270,137,186,210,218,240,244,139,143,290,314,150,154,105,105,168,180,216,240
"FeatherHsp.20","FeatherHsp",222,222,138,138,NA,NA,186,218,170,274,252,268,143,191,282,290,148,154,105,105,152,156,204,216
"FeatherHsp.21","FeatherHsp",222,224,132,136,278,290,173,190,178,242,200,244,175,175,290,338,144,150,105,109,184,192,200,236
"FeatherHsp.22","FeatherHsp",224,232,132,136,266,278,198,210,214,266,220,248,143,175,234,338,138,148,105,109,152,168,188,220
"FeatherHsp.23","FeatherHsp",222,222,136,138,278,318,173,194,174,258,264,272,143,175,234,330,148,150,105,109,192,192,188,244
"FeatherHsp.24","FeatherHsp",214,222,132,136,294,338,190,210,258,274,244,244,135,175,286,318,148,148,105,105,152,192,196,240
"FeatherHsp.25","FeatherHsp",222,222,132,136,178,278,182,194,226,234,220,276,163,231,310,314,148,150,105,105,168,168,200,220
"FeatherHsp.26","FeatherHsp",226,252,136,138,278,298,202,222,202,258,220,232,139,187,278,282,148,150,109,109,168,168,216,248
"FeatherHsp.27","FeatherHsp",220,222,136,158,210,278,190,190,170,266,272,276,143,167,314,314,148,150,105,105,152,176,216,224
"FeatherHsp.28","FeatherHsp",222,222,136,136,282,314,218,218,234,234,200,220,143,191,250,266,138,148,105,107,168,168,244,244
"FeatherHsp.29","FeatherHsp",222,222,132,138,178,278,137,218,258,258,240,252,139,143,302,322,144,150,105,109,152,176,200,240
"FeatherHsp.30","FeatherHsp",224,240,136,136,286,318,182,190,238,274,212,276,159,199,266,322,150,152,105,105,168,184,216,248
"FeatherHsp.31","FeatherHsp",222,222,136,162,258,270,222,226,222,230,248,268,135,163,250,290,144,148,105,109,168,168,216,224
"FeatherHsp.32","FeatherHsp",224,226,136,136,270,290,214,218,214,226,220,252,143,231,266,294,144,148,105,109,168,192,200,240
"FeatherHsp.33","FeatherHsp",222,222,136,138,206,298,137,190,190,266,204,272,143,187,250,294,148,150,105,105,152,168,188,236
"FeatherHsp.34","FeatherHsp",220,222,136,158,274,278,165,190,214,226,204,268,191,247,246,274,144,148,105,109,176,176,220,232
"FeatherHsp.35","FeatherHsp",222,222,136,138,278,278,190,222,214,266,268,276,143,179,310,322,148,148,105,109,168,184,200,212
"FeatherHsp.36","FeatherHsp",222,224,136,158,250,278,186,186,178,214,264,280,171,187,234,290,136,148,105,105,180,192,216,220
"FeatherHsp.37","FeatherHsp",222,222,136,138,178,302,173,214,158,226,220,276,143,175,298,302,150,152,105,105,168,168,200,248
"FeatherHsp.38","FeatherHsp",222,224,NA,NA,270,298,190,210,178,274,232,268,143,187,234,238,136,150,105,105,168,196,204,240
"FeatherHsp.39","FeatherHsp",222,222,136,138,210,298,173,210,NA,NA,244,272,143,171,282,318,144,150,105,105,168,168,204,240
"FeatherHsp.40","FeatherHsp",222,224,136,136,306,322,137,190,178,274,220,260,175,179,258,258,144,154,105,105,152,168,220,240
"FeatherHsp.41","FeatherHsp",220,222,132,136,174,314,161,210,178,294,252,260,143,207,294,338,144,148,107,109,188,192,220,240
"FeatherHsp.42","FeatherHsp",222,224,138,150,282,306,186,210,238,278,240,272,151,171,258,314,148,148,105,109,188,192,220,228
"FeatherHsp.43","FeatherHsp",224,226,136,136,266,298,190,198,214,234,220,272,163,199,306,318,148,148,105,109,168,180,232,244
"FeatherHsp.44","FeatherHsp",222,224,132,150,266,302,186,218,NA,NA,220,296,171,211,234,274,146,150,105,105,184,184,188,244
"FeatherHsp.45","FeatherHsp",222,222,136,138,214,266,173,186,210,234,232,272,143,199,242,298,150,154,105,105,168,192,216,224
"FeatherHsp.46","FeatherHsp",222,226,136,150,214,290,137,190,258,310,212,244,183,231,266,346,150,154,105,107,180,192,200,232
"FeatherHsp.47","FeatherHsp",222,222,138,138,266,270,178,186,170,182,196,272,171,191,242,334,148,150,105,105,168,184,188,216
"FeatherHsp.48","FeatherHsp",NA,NA,132,136,278,298,173,226,190,226,244,272,163,167,282,290,138,148,105,105,152,152,200,236
"FeatherHsp.49","FeatherHsp",222,222,136,138,286,290,173,214,274,298,248,252,143,147,250,266,144,150,105,105,168,172,216,216
"FeatherHsp.50","FeatherHsp",222,222,136,136,286,290,190,190,170,178,228,272,195,211,246,310,NA,NA,105,109,152,196,196,204
"FeatherHsp.51","FeatherHsp",222,226,132,136,298,310,190,218,210,234,244,276,187,199,286,318,144,148,105,105,176,188,200,224
"FeatherHsp.52","FeatherHsp",222,226,132,132,278,306,190,218,166,266,268,272,139,247,282,282,148,148,105,107,176,184,188,188
"FeatherHsp.53","FeatherHsp",222,222,132,136,266,286,137,186,266,274,196,240,143,143,234,338,136,144,105,105,168,168,220,236
"FeatherHsp.54","FeatherHsp",226,226,136,136,278,290,173,190,210,274,244,264,143,207,234,294,148,150,105,107,168,168,216,244
"FeatherHsp.55","FeatherHsp",220,222,NA,NA,182,314,182,190,222,270,240,280,147,211,282,286,148,154,105,105,168,180,216,240
"FeatherHsp.56","FeatherHsp",224,232,132,136,294,306,190,226,174,214,224,280,143,171,282,302,148,150,105,107,168,184,236,240
"FeatherHsp.57","FeatherHsp",222,222,136,138,210,278,173,222,170,262,212,244,135,183,262,338,148,152,105,105,172,180,248,248
"FeatherHsp.58","FeatherHsp",222,226,136,158,278,306,173,210,170,242,240,240,163,175,282,314,136,154,105,105,168,188,200,216
"FeatherHsp.59","FeatherHsp",222,226,132,136,278,306,186,250,166,274,268,272,139,143,266,302,144,148,105,109,172,180,216,220
"FeatherHsp.60","FeatherHsp",220,222,136,136,270,274,137,210,258,258,272,272,135,199,278,282,150,150,105,109,168,168,236,236
"FeatherHsp.61","FeatherHsp",222,222,136,136,278,282,206,230,210,258,224,228,143,171,282,314,148,150,105,109,168,176,200,240
"FeatherHsp.62","FeatherHsp",220,222,136,136,278,290,186,198,214,242,268,284,NA,NA,246,278,148,152,105,109,168,172,188,216
"FeatherHsp.63","FeatherHsp",222,222,138,138,274,322,186,190,174,230,236,244,NA,NA,262,310,144,154,105,109,168,188,196,200
"FeatherHsp.64","FeatherHsp",222,222,136,138,270,290,137,190,270,274,240,240,143,231,290,338,148,148,105,105,168,192,236,236
"FeatherHsp.65","FeatherHsp",222,224,136,136,274,290,190,218,214,266,256,272,175,227,270,274,138,150,105,105,172,192,240,244
"FeatherHsp.66","FeatherHsp",224,232,132,138,270,278,173,186,174,190,224,240,155,167,282,302,144,152,105,107,168,172,188,220
"FeatherHsp.67","FeatherHsp",222,222,132,136,214,270,190,210,206,254,240,272,151,251,278,314,148,154,109,109,156,184,200,200
"FeatherHsp.68","FeatherHsp",NA,NA,132,136,210,278,190,218,206,258,200,228,191,231,286,342,144,152,105,105,152,168,200,200
"FeatherHsp.69","FeatherHsp",224,232,136,136,278,290,186,218,174,218,224,240,167,231,282,302,152,154,107,109,168,172,200,240
"FeatherHsp.70","FeatherHsp",222,226,132,136,254,318,186,198,310,326,224,272,187,231,310,310,150,156,107,109,168,172,220,236
"FeatherHsp.71","FeatherHsp",222,226,132,138,250,310,190,222,NA,NA,264,272,163,195,266,278,148,148,105,109,168,176,200,220
"FeatherHsp.72","FeatherHsp",220,220,136,138,202,270,137,194,174,222,204,252,171,231,234,334,148,152,109,109,176,188,220,232
"FeatherHsp.73","FeatherHsp",220,222,136,150,274,278,137,186,170,190,228,268,179,199,234,262,136,150,105,107,168,180,200,232
"FeatherHsp.74","FeatherHsp",220,226,136,138,278,302,210,214,218,254,240,268,143,247,278,314,150,154,105,105,168,196,212,232
"FeatherHsp.75","FeatherHsp",222,226,138,162,282,294,218,218,190,198,212,240,143,191,306,338,NA,NA,105,109,168,168,188,232
"FeatherHsp.76","FeatherHsp",222,222,136,136,290,298,190,202,170,194,268,272,179,203,242,282,148,150,105,105,152,168,216,244
"FeatherHsp.77","FeatherHsp",222,222,132,136,278,330,173,190,174,222,272,272,203,223,302,346,146,148,109,109,168,172,220,232
"FeatherHsp.78","FeatherHsp",222,222,132,138,290,310,161,190,270,294,240,272,143,199,266,266,148,148,105,109,168,168,200,236
"FeatherHsp.79","FeatherHsp",226,226,132,136,270,334,190,198,178,266,240,268,175,175,290,330,148,148,105,109,168,168,200,204
"FeatherHsp.80","FeatherHsp",222,224,132,150,286,318,186,194,258,258,248,260,139,151,230,238,148,154,105,105,168,180,220,244
"FeatherHsp.81","FeatherHsp",222,224,138,138,282,290,173,278,170,242,236,240,199,231,242,338,144,150,105,107,152,168,220,224
"FeatherHsp.82","FeatherHsp",224,224,136,136,178,346,161,214,206,258,232,276,171,179,282,302,148,148,105,109,168,192,232,240
"FeatherHsp.83","FeatherHsp",222,228,136,136,302,334,186,218,234,234,224,276,143,207,246,302,136,150,105,109,176,184,220,232
"FeatherHsp.84","FeatherHsp",222,228,132,136,278,298,173,173,190,226,244,276,143,159,282,282,138,146,105,105,152,192,216,232
"FeatherHsp.85","FeatherHsp",222,222,136,138,278,294,173,230,214,266,212,256,139,151,266,298,148,150,105,105,180,196,196,220
"FeatherHsp.86","FeatherHsp",222,224,136,136,286,298,173,198,266,274,244,276,211,247,238,314,138,150,105,107,168,176,216,244
"FeatherHsp.87","FeatherHsp",220,222,132,136,274,334,210,222,214,214,212,268,171,179,234,294,144,148,105,105,172,176,224,228
"FeatherHsp.88","FeatherHsp",220,222,136,136,282,290,137,218,170,218,212,244,135,135,322,338,146,150,105,105,152,196,200,236
"FeatherHsp.89","FeatherHsp",220,228,132,136,302,318,186,186,182,274,220,264,187,235,302,318,150,152,105,109,152,168,232,232
"FeatherHsp.90","FeatherHsp",224,226,132,136,178,274,NA,NA,266,306,232,240,139,151,278,286,150,154,105,109,168,192,200,200
"FeatherHsp.91","FeatherHsp",220,222,132,136,306,334,210,222,206,258,256,272,151,175,234,234,150,150,105,107,168,168,188,220
"FeatherHsp.92","FeatherHsp",222,226,136,136,274,318,173,218,174,174,228,272,171,175,282,282,148,150,105,105,180,192,216,236
"FeatherHsp.93","FeatherHsp",220,226,132,136,290,322,190,230,190,214,212,272,135,175,306,314,148,150,105,107,168,168,188,240
"FeatherHsp.94","FeatherHsp",222,226,136,138,214,270,161,258,262,274,208,284,183,187,246,282,148,148,105,107,168,176,220,236
"FeatherHsp.95","FeatherHsp",222,224,132,136,254,262,161,173,250,290,244,248,143,151,242,310,146,148,105,109,176,176,212,232
"FeatherHsp.96","FeatherHsp",220,222,136,162,314,334,173,190,158,222,240,276,143,171,278,318,136,150,105,107,168,176,200,236
"FeatherHsp.97","FeatherHsp",220,222,132,136,214,290,186,186,242,270,212,284,179,231,270,310,148,150,105,105,180,184,188,224
"FeatherHsp.98","FeatherHsp",222,222,136,136,210,306,161,202,258,274,244,248,171,191,302,318,144,148,105,105,184,196,200,216
"FeatherHsp.99","FeatherHsp",222,226,138,162,270,298,190,218,166,278,244,264,135,183,270,302,148,150,105,109,172,192,200,200
"FeatherHsp.100","FeatherHsp",220,222,136,158,298,322,186,218,206,230,248,280,135,199,266,286,136,144,105,105,168,176,212,236
"FeatherHsp.101","FeatherHsp",222,222,132,136,214,278,190,190,170,222,232,244,163,163,266,282,144,148,105,109,168,168,220,236
"FeatherHsp.102","FeatherHsp",222,222,136,136,274,298,161,190,206,238,228,268,179,187,238,286,144,148,107,109,152,168,232,240
"FeatherHsp.103","FeatherHsp",224,226,132,136,314,334,194,222,174,274,252,264,135,167,278,334,144,148,105,109,168,168,228,244
"FeatherHsp.104","FeatherHsp",220,222,132,136,282,298,186,190,258,266,268,268,147,211,250,266,148,154,105,105,184,184,200,220
"FeatherHsp.105","FeatherHsp",222,222,132,136,286,290,NA,NA,210,258,244,276,167,167,234,238,144,150,105,105,152,184,200,252
"FeatherHsp.106","FeatherHsp",222,224,132,132,278,290,182,190,266,266,240,264,175,195,298,318,148,150,105,109,172,188,200,204
"FeatherHsp.107","FeatherHsp",216,222,132,158,178,270,137,190,170,246,224,268,135,163,270,278,148,154,105,105,176,184,220,244
"FeatherHsp.108","FeatherHsp",224,226,132,136,298,334,178,218,210,210,244,268,151,187,266,306,144,150,105,105,168,184,200,224
"FeatherHsp.109","FeatherHsp",222,222,136,136,NA,NA,137,194,210,214,212,264,139,171,282,330,144,148,105,107,168,168,200,200
"FeatherHsp.110","FeatherHsp",222,224,132,136,270,302,186,214,206,214,240,272,163,211,234,294,144,150,107,109,152,192,220,220
"FeatherHsp.111","FeatherHsp",222,222,136,138,210,290,173,190,234,258,220,248,143,151,306,318,148,148,105,105,168,168,208,240
"FeatherHsp.112","FeatherHsp",220,222,136,138,218,270,190,230,206,214,216,276,151,191,234,318,144,150,107,107,152,184,204,216
"FeatherHsp.113","FeatherHsp",220,224,136,136,278,278,161,202,222,274,212,264,139,171,278,278,150,154,105,105,168,168,216,220
"FeatherHsp.114","FeatherHsp",220,222,136,136,210,278,137,230,158,274,248,268,139,143,246,258,148,150,105,107,168,188,192,232
"FeatherHsp.115","FeatherHsp",222,224,132,132,290,334,190,198,222,222,244,272,135,171,246,274,144,150,109,109,184,192,232,236
"FeatherHsp.116","FeatherHsp",NA,NA,136,138,294,330,186,190,266,314,212,228,171,227,246,338,150,154,105,109,168,168,188,248
"FeatherHsp.117","FeatherHsp",220,222,132,138,178,294,186,190,178,222,264,268,143,163,234,338,148,148,105,105,176,184,192,224
"FeatherHsp.118","FeatherHsp",224,224,132,136,306,314,137,262,230,246,204,272,151,187,290,290,144,148,105,105,168,184,200,236
"FeatherHsp.119","FeatherHsp",226,226,136,136,286,310,165,178,230,262,240,248,143,171,234,282,144,148,105,109,152,168,188,200
"FeatherHsp.120","FeatherHsp",224,224,132,136,294,298,186,202,170,234,248,252,143,163,262,314,148,154,105,109,168,168,188,240
"FeatherHsp.121","FeatherHsp",220,222,136,136,274,310,190,194,246,250,248,272,143,147,282,282,136,148,105,105,184,184,200,236
"FeatherHsp.122","FeatherHsp",222,226,132,138,278,286,190,222,214,266,268,276,143,179,270,314,144,148,105,109,168,184,212,216
"FeatherHsp.123","FeatherHsp",224,224,138,138,278,310,186,222,218,258,240,248,139,179,230,318,144,154,105,109,164,168,204,240
"FeatherHsp.124","FeatherHsp",222,226,132,136,282,302,161,222,206,210,232,248,179,187,238,282,148,150,109,109,168,168,200,216
"FeatherHsp.125","FeatherHsp",220,222,136,136,278,278,182,230,NA,NA,232,264,179,231,334,338,136,146,105,109,168,180,216,220
"FeatherHsp.126","FeatherHsp",222,222,136,138,290,310,186,214,206,246,220,272,175,187,234,242,148,150,105,109,168,196,236,236
"FeatherHsp.127","FeatherHsp",222,226,132,136,294,318,210,210,258,290,232,244,171,187,282,290,148,150,105,105,184,192,196,200
"FeatherHsp.128","FeatherHsp",220,224,136,150,270,318,190,194,170,174,244,280,139,247,242,302,144,154,105,105,152,152,232,236
"FeatherHsp.129","FeatherHsp",222,254,132,138,282,282,186,218,170,266,236,264,151,227,238,290,148,148,105,109,152,180,188,200
"FeatherHsp.130","FeatherHsp",216,220,136,136,290,314,210,218,210,218,196,284,167,167,298,314,NA,NA,105,105,168,184,188,220
"FeatherHsp.131","FeatherHsp",222,224,136,136,266,270,186,194,214,266,228,268,179,231,250,278,148,148,105,109,168,172,200,236
"FeatherHsp.132","FeatherHsp",222,232,136,138,262,270,190,210,210,214,204,248,139,179,258,314,NA,NA,105,105,184,188,204,220
"FeatherHsp.133","FeatherHsp",220,224,NA,NA,178,314,194,194,174,258,244,280,135,211,242,290,144,148,105,109,184,192,220,232
"FeatherHsp.134","FeatherHsp",222,224,136,138,266,282,202,222,262,262,220,268,171,195,282,314,150,154,105,105,156,192,212,220
"FeatherHsp.135","FeatherHsp",224,228,132,132,178,282,198,222,222,246,240,240,151,151,234,294,136,150,NA,NA,168,192,216,232
"FeatherHsp.136","FeatherHsp",222,224,132,136,250,286,186,218,206,234,248,272,155,179,238,238,NA,NA,105,109,152,196,212,220
"FeatherHsp.137","FeatherHsp",222,224,136,136,210,286,161,230,174,258,272,272,179,231,298,338,144,148,105,109,168,168,200,220
"FeatherHsp.138","FeatherHsp",220,220,136,138,178,282,186,214,158,314,220,276,163,175,234,238,136,148,105,109,168,188,200,244
"FeatherHsp.139","FeatherHsp",220,222,136,138,214,266,173,173,242,242,244,268,187,223,242,310,136,148,105,105,180,180,188,200
"FeatherHsp.140","FeatherHsp",222,248,136,136,262,290,137,190,310,326,216,272,151,191,266,314,136,148,105,105,184,192,220,220
"FeatherHsp.141","FeatherHsp",216,222,132,138,218,270,190,222,230,258,220,232,143,163,234,290,148,148,NA,NA,152,168,212,216
"FeatherHsp.142","FeatherHsp",214,224,132,136,178,298,182,218,222,282,204,244,179,195,246,314,146,148,105,105,168,168,232,236
"FeatherHsp.143","FeatherHsp",222,224,136,136,250,286,186,190,314,314,268,272,139,143,282,286,148,148,107,109,168,188,200,236
"FeatherHsp.144","FeatherHsp",214,224,138,150,178,310,198,218,246,246,268,276,NA,NA,258,286,148,148,105,109,168,168,216,232
"KlamathRfa.1","KlamathRfa",222,222,132,136,202,210,173,182,202,242,224,272,167,171,238,242,NA,NA,105,109,156,168,NA,NA
"KlamathRfa.2","KlamathRfa",220,220,132,136,250,270,194,210,202,214,228,260,147,167,266,270,NA,NA,109,109,156,156,212,248
"KlamathRfa.3","KlamathRfa",220,226,132,136,234,298,173,222,230,242,228,276,163,171,206,238,146,150,NA,NA,164,168,NA,NA
"KlamathRfa.4","KlamathRfa",220,220,136,136,206,210,173,173,198,210,224,228,151,159,238,286,146,146,105,109,156,172,216,252
"KlamathRfa.5","KlamathRfa",218,220,136,138,210,270,169,226,202,202,224,224,155,167,274,298,146,148,105,109,164,164,188,236
"KlamathRfa.6","KlamathRfa",228,228,132,164,222,274,165,246,302,306,220,228,179,183,282,282,146,148,109,109,156,168,212,212
"KlamathRfa.7","KlamathRfa",220,230,136,136,210,306,169,238,218,254,224,228,171,175,274,282,146,146,105,109,164,164,216,236
"KlamathRfa.8","KlamathRfa",220,228,136,136,262,286,178,222,198,198,248,264,135,207,242,302,NA,NA,105,109,156,168,NA,NA
"KlamathRfa.9","KlamathRfa",220,220,132,136,218,298,186,222,198,206,228,272,135,207,278,298,146,150,109,109,168,180,NA,NA
"KlamathRfa.10","KlamathRfa",220,220,132,132,214,286,178,222,198,202,228,228,NA,NA,266,282,NA,NA,105,109,156,156,NA,NA
"KlamathRfa.11","KlamathRfa",220,220,136,136,270,282,214,246,190,202,232,280,155,163,278,278,148,150,109,109,156,164,NA,NA
"KlamathRfa.12","KlamathRfa",220,228,132,136,266,282,173,210,198,214,212,288,163,179,266,286,146,148,105,109,164,180,184,212
"KlamathRfa.13","KlamathRfa",220,220,136,136,210,298,173,182,202,246,224,224,159,171,266,270,148,150,109,109,156,168,188,236
"KlamathRfa.14","KlamathRfa",222,224,136,138,NA,NA,165,186,190,238,220,220,135,163,238,302,146,150,109,109,156,160,NA,NA
"KlamathRfa.15","KlamathRfa",220,220,132,136,214,282,173,182,230,246,224,228,159,171,238,270,NA,NA,109,109,168,168,NA,NA
"KlamathRfa.16","KlamathRfa",220,222,162,162,282,282,173,222,198,226,220,240,163,183,246,274,152,152,105,109,164,164,212,212
"KlamathRfa.17","KlamathRfa",224,228,132,132,270,314,222,238,206,254,268,272,179,183,266,270,146,146,105,109,160,168,212,224
"KlamathRfa.18","KlamathRfa",NA,NA,136,138,214,282,173,222,206,226,220,228,163,163,282,306,NA,NA,109,109,164,164,NA,NA
"KlamathRfa.19","KlamathRfa",220,220,132,138,274,274,169,246,202,250,272,288,147,155,270,274,146,148,107,109,156,164,188,220
"KlamathRfa.20","KlamathRfa",208,220,132,132,202,210,173,242,246,258,244,288,163,163,238,302,148,150,109,109,164,164,NA,NA
"KlamathRfa.21","KlamathRfa",220,220,136,136,210,270,173,173,206,210,224,280,163,163,274,278,146,148,109,109,156,156,184,216
"KlamathRfa.22","KlamathRfa",220,220,132,138,NA,NA,182,246,230,230,228,252,163,183,266,286,146,146,109,109,156,180,184,236
"KlamathRfa.23","KlamathRfa",220,220,162,164,NA,NA,222,246,242,250,232,272,135,167,274,302,150,150,105,109,164,164,NA,NA
"KlamathRfa.24","KlamathRfa",228,228,132,134,214,258,173,222,202,242,244,288,163,167,274,278,148,148,109,109,156,156,NA,NA
"KlamathRfa.25","KlamathRfa",214,220,132,138,218,294,182,182,206,246,228,228,143,167,266,302,148,150,105,105,156,164,188,212
"KlamathRfa.26","KlamathRfa",220,220,NA,NA,250,298,173,222,202,210,228,244,155,163,270,278,148,150,105,109,156,156,184,216
"KlamathRfa.27","KlamathRfa",222,228,132,136,238,258,169,234,198,222,216,288,163,195,270,270,146,150,105,105,156,164,184,184
"KlamathRfa.28","KlamathRfa",220,228,132,132,206,206,173,173,242,250,220,228,135,163,278,302,148,150,105,105,156,168,NA,NA
"KlamathRfa.29","KlamathRfa",220,220,132,138,NA,NA,210,230,202,214,228,292,147,179,238,278,150,150,109,109,156,168,NA,NA
"KlamathRfa.30","KlamathRfa",220,220,132,136,286,302,NA,NA,226,230,228,244,159,167,274,302,150,150,109,109,156,164,184,212
"KlamathRfa.31","KlamathRfa",220,220,132,136,214,214,173,222,210,254,224,260,135,167,250,266,146,146,105,109,164,168,184,216
"KlamathRfa.32","KlamathRfa",220,228,132,134,NA,NA,173,222,210,226,212,264,167,175,270,282,146,148,101,109,156,156,212,212
"KlamathRfa.33","KlamathRfa",220,220,136,136,NA,NA,186,210,190,202,228,260,167,183,234,274,150,150,109,109,156,164,188,212
"KlamathRfa.34","KlamathRfa",220,224,132,162,206,206,169,238,226,246,232,288,171,207,274,302,146,150,109,109,156,172,NA,NA
"KlamathRfa.35","KlamathRfa",220,222,132,136,NA,NA,169,173,214,230,232,248,171,207,266,286,146,146,109,109,164,164,216,224
"KlamathRfa.36","KlamathRfa",220,222,132,136,NA,NA,173,238,230,246,244,264,163,171,270,270,146,146,109,109,156,160,NA,NA
"KlamathRfa.37","KlamathRfa",220,224,132,136,202,294,173,230,178,210,228,244,135,163,242,286,150,150,105,109,164,168,NA,NA
"KlamathRfa.38","KlamathRfa",220,220,132,132,210,282,182,210,206,246,232,288,167,179,274,274,150,150,109,109,164,164,184,184
"KlamathRfa.39","KlamathRfa",220,220,136,158,202,202,169,226,202,246,228,276,171,179,286,298,146,148,105,109,156,164,184,184
"KlamathRfa.40","KlamathRfa",214,220,136,162,NA,NA,210,222,202,206,216,228,167,171,242,298,146,148,105,109,164,164,NA,NA
"KlamathRfa.41","KlamathRfa",220,220,132,132,NA,NA,165,182,NA,NA,216,288,163,183,270,278,NA,NA,109,109,156,168,NA,NA
"KlamathRfa.42","KlamathRfa",220,220,136,136,NA,NA,NA,NA,210,242,228,228,159,163,298,302,NA,NA,109,109,156,180,NA,NA
"KlamathRfa.43","KlamathRfa",222,222,NA,NA,210,214,178,222,202,250,228,252,159,171,270,282,NA,NA,109,109,164,164,NA,NA
"KlamathRfa.44","KlamathRfa",226,228,132,136,210,290,169,242,198,210,248,248,135,183,254,302,150,152,105,109,164,164,NA,NA
"KlamathRfa.45","KlamathRfa",214,220,132,162,210,214,173,210,198,230,224,244,163,171,270,334,150,150,105,105,164,168,NA,NA
"KlamathRfa.46","KlamathRfa",214,220,NA,NA,290,306,210,222,202,206,228,232,151,163,238,302,146,150,105,105,164,164,184,184
"KlamathRfa.47","KlamathRfa",220,222,132,136,270,270,182,246,206,226,228,296,135,163,238,302,150,150,109,109,156,156,184,212
"KlamathRfa.48","KlamathRfa",220,220,136,138,NA,NA,182,182,190,210,228,268,147,163,238,246,146,146,105,109,160,164,NA,NA
"KlamathRfa.49","KlamathRfa",220,220,132,136,NA,NA,173,198,206,246,248,272,163,175,266,274,150,150,109,109,156,164,184,228
"KlamathRfa.50","KlamathRfa",214,220,136,162,206,254,210,222,202,206,216,228,167,171,242,298,NA,NA,105,109,168,168,184,184
"KlamathRfa.51","KlamathRfa",220,220,132,136,262,302,173,190,202,202,224,232,163,183,250,278,148,150,105,105,NA,NA,212,220
"KlamathRfa.52","KlamathRfa",220,226,136,136,282,322,182,218,206,210,244,288,159,163,262,302,146,146,109,109,NA,NA,NA,NA
"KlamathRfa.53","KlamathRfa",220,228,136,136,234,306,210,210,198,202,212,232,143,175,238,278,NA,NA,107,109,156,164,NA,NA
"KlamathRfa.54","KlamathRfa",228,228,136,136,210,290,173,178,222,234,232,244,135,163,238,302,140,146,NA,NA,160,168,NA,NA
"KlamathRfa.55","KlamathRfa",220,220,132,138,206,262,173,186,202,258,244,264,163,167,270,294,140,146,105,109,156,164,188,236
"KlamathRfa.56","KlamathRfa",NA,NA,132,136,262,270,178,178,202,234,224,244,NA,NA,250,258,146,146,109,109,NA,NA,NA,NA
"KlamathRfa.57","KlamathRfa",220,232,132,132,266,286,173,178,242,242,228,240,135,163,238,282,148,150,109,109,164,164,NA,NA
"KlamathRfa.58","KlamathRfa",NA,NA,136,162,NA,NA,218,230,210,226,224,244,143,163,234,278,140,156,105,109,NA,NA,NA,NA
"KlamathRfa.59","KlamathRfa",220,226,136,162,278,326,218,246,198,234,244,244,171,179,238,250,146,150,109,109,156,168,NA,NA
"KlamathRfa.60","KlamathRfa",220,220,138,162,206,310,178,226,198,242,232,264,155,163,250,302,146,146,105,107,164,164,184,184
"KlamathRfa.61","KlamathRfa",220,230,136,136,262,270,173,173,210,234,244,280,163,183,238,298,150,150,105,109,156,160,184,184
"KlamathRfa.62","KlamathRfa",220,228,132,136,206,286,186,210,210,250,228,232,147,163,266,290,148,156,105,109,156,164,184,184
"KlamathRfa.63","KlamathRfa",220,220,132,136,262,294,230,238,214,230,228,264,163,183,266,302,146,150,105,105,156,168,184,184
"KlamathRfa.64","KlamathRfa",214,220,150,150,270,282,178,186,226,230,232,248,163,179,246,274,146,146,109,109,156,168,184,212
"KlamathRfa.65","KlamathRfa",NA,NA,136,136,266,298,210,246,226,246,224,288,167,183,250,250,150,150,105,109,156,156,184,184
"KlamathRfa.66","KlamathRfa",220,228,132,136,270,286,190,218,206,222,224,228,163,179,238,250,150,152,105,109,156,164,184,184
"KlamathRfa.67","KlamathRfa",214,220,132,136,206,270,186,246,218,242,224,252,159,175,246,250,146,150,105,105,156,156,NA,NA
"KlamathRfa.68","KlamathRfa",220,234,132,132,214,314,173,218,186,226,236,252,167,207,274,278,150,150,105,109,164,180,184,220
"KlamathRfa.69","KlamathRfa",214,220,132,158,206,294,173,222,206,250,228,272,163,179,NA,NA,NA,NA,107,109,156,168,216,236
"KlamathRfa.70","KlamathRfa",220,220,132,138,250,298,182,238,230,262,228,228,159,163,210,274,150,150,NA,NA,164,172,NA,NA
"KlamathRfa.71","KlamathRfa",220,220,136,136,214,298,186,186,202,206,228,232,167,183,246,274,146,150,109,109,156,164,228,232
"KlamathRfa.72","KlamathRfa",220,220,136,164,210,218,173,186,242,254,220,288,163,183,238,270,138,150,109,109,164,164,212,216
"KlamathRfa.73","KlamathRfa",220,220,132,138,210,250,222,226,202,210,232,288,171,175,298,302,146,148,109,109,156,164,228,244
"KlamathRfa.74","KlamathRfa",220,220,132,136,294,306,226,226,202,258,224,232,143,171,242,270,146,146,109,109,156,156,184,184
"KlamathRfa.75","KlamathRfa",220,226,132,136,250,286,169,198,290,302,216,260,135,163,266,278,148,150,109,109,156,164,236,236
"KlamathRfa.76","KlamathRfa",220,220,132,162,258,294,173,206,230,242,264,296,171,175,242,282,148,152,105,109,156,168,212,220
"KlamathRfa.77","KlamathRfa",214,220,132,132,202,302,173,173,206,206,228,244,187,207,266,278,150,150,107,109,156,156,NA,NA
"KlamathRfa.78","KlamathRfa",220,220,132,136,218,302,NA,NA,222,246,228,232,163,163,238,270,146,148,105,109,156,164,NA,NA
"KlamathRfa.79","KlamathRfa",220,220,132,138,214,294,186,222,198,198,228,232,155,207,262,266,140,150,109,109,164,168,184,240
"KlamathRfa.80","KlamathRfa",208,220,136,158,254,270,169,222,198,250,228,244,159,179,242,274,148,150,105,109,164,180,184,212
"KlamathRfa.81","KlamathRfa",220,224,136,136,214,274,210,222,198,254,216,264,163,163,NA,NA,146,148,105,105,156,168,184,216
"KlamathRfa.82","KlamathRfa",226,228,136,136,202,274,169,173,198,202,220,244,163,167,246,278,150,150,105,109,156,160,208,220
"KlamathRfa.83","KlamathRfa",220,226,132,162,206,250,194,198,206,210,216,228,135,143,274,282,146,150,105,105,156,164,188,216
"KlamathRfa.84","KlamathRfa",220,220,132,136,210,294,NA,NA,210,210,NA,NA,135,175,262,266,146,150,105,109,156,164,NA,NA
"KlamathRfa.85","KlamathRfa",214,224,132,138,270,290,173,210,246,262,248,276,167,175,250,274,148,154,109,109,156,164,212,216
"KlamathRfa.86","KlamathRfa",220,226,132,136,270,306,169,190,190,234,228,236,163,163,226,250,146,150,109,109,168,168,184,188
"KlamathRfa.87","KlamathRfa",220,220,136,158,258,270,173,202,206,322,220,224,163,199,254,278,150,150,105,109,156,164,184,184
"KlamathRfa.88","KlamathRfa",220,222,132,140,202,218,173,226,210,322,228,248,135,167,238,282,146,146,109,109,164,168,216,236
"KlamathRfa.89","KlamathRfa",220,228,NA,NA,202,334,222,222,198,242,212,244,163,175,206,278,146,150,105,105,156,156,208,212
"KlamathRfa.90","KlamathRfa",220,228,132,150,234,270,182,186,246,246,248,264,163,171,246,274,150,150,109,109,164,168,208,236
"KlamathRfa.91","KlamathRfa",220,220,132,164,214,270,173,222,226,246,220,264,135,163,270,302,146,146,105,109,164,164,184,224
"KlamathRfa.92","KlamathRfa",NA,NA,136,136,254,262,178,222,210,210,224,228,163,175,282,298,146,150,105,105,160,164,NA,NA
"KlamathRfa.93","KlamathRfa",220,228,136,162,282,302,169,173,178,206,260,296,143,143,258,286,146,150,107,109,168,168,184,232
"KlamathRfa.94","KlamathRfa",220,222,132,136,262,286,169,173,214,226,216,220,143,211,258,278,146,146,109,109,168,168,184,184
"KlamathRfa.95","KlamathRfa",222,222,136,136,266,282,169,173,258,318,228,248,139,163,238,330,146,148,107,109,168,176,184,228
"KlamathRfa.96","KlamathRfa",220,228,132,136,286,306,190,222,190,194,224,248,167,207,266,282,150,150,109,109,160,168,NA,NA
"KlamathRfa.97","KlamathRfa",220,220,132,136,250,254,222,234,178,186,220,248,163,163,242,282,NA,NA,109,109,156,164,184,184
"KlamathRfa.98","KlamathRfa",214,228,162,162,210,282,169,218,190,206,224,264,143,163,246,274,146,150,107,109,156,164,184,184
"KlamathRfa.99","KlamathRfa",220,220,136,136,298,298,173,226,178,210,228,244,179,183,274,278,146,146,107,109,168,168,196,232
"KlamathRfa.100","KlamathRfa",220,224,136,150,214,250,222,222,210,242,232,244,167,171,254,274,150,150,105,109,156,168,184,220
"KlamathRfa.101","KlamathRfa",220,220,136,136,214,286,210,226,186,214,248,264,159,163,238,266,146,150,109,109,NA,NA,184,184
"KlamathRfa.102","KlamathRfa",220,226,136,136,210,262,173,173,234,250,216,248,163,167,226,274,146,150,109,109,152,164,184,220
"KlamathRfa.103","KlamathRfa",220,220,NA,NA,210,218,186,238,230,242,224,228,163,183,254,266,146,148,105,109,156,164,188,212
"KlamathRfa.104","KlamathRfa",222,222,136,136,246,270,186,214,234,234,212,228,159,163,NA,NA,146,150,105,105,156,168,188,240
"KlamathRfa.105","KlamathRfa",222,232,136,136,246,270,194,222,198,198,216,228,163,171,274,302,148,150,109,109,164,184,184,184
"KlamathRfa.106","KlamathRfa",220,228,132,136,206,250,206,222,186,198,228,228,163,171,258,262,148,150,105,105,156,156,212,236
"KlamathRfa.107","KlamathRfa",220,228,136,136,210,310,169,210,242,246,244,244,163,163,254,274,148,150,109,109,156,168,184,288
"KlamathRfa.108","KlamathRfa",222,228,136,150,202,214,210,222,230,246,248,248,167,199,242,266,146,148,109,109,156,160,184,184
"KlamathRfa.109","KlamathRfa",220,220,136,138,222,298,182,214,206,206,220,272,135,199,238,274,146,146,109,109,156,164,184,184
"KlamathRfa.110","KlamathRfa",220,220,132,136,262,290,NA,NA,NA,NA,220,244,147,175,286,302,150,150,105,109,156,164,212,216
"KlamathRfa.111","KlamathRfa",220,220,132,138,214,270,186,226,190,202,260,284,163,163,250,282,146,146,109,109,156,168,184,212
"KlamathRfa.112","KlamathRfa",214,226,136,136,266,286,194,226,246,262,232,272,139,155,278,282,146,146,105,105,156,164,184,216
"KlamathRfa.113","KlamathRfa",220,220,136,136,NA,NA,173,173,206,238,264,288,163,175,NA,NA,146,150,109,109,156,164,184,240
"KlamathRfa.114","KlamathRfa",220,228,132,136,270,294,222,222,206,210,276,288,143,163,NA,NA,148,150,105,105,152,164,NA,NA
"KlamathRfa.115","KlamathRfa",214,220,132,132,250,338,222,222,202,210,260,264,135,143,278,286,146,152,105,109,156,180,212,220
"KlamathRfa.116","KlamathRfa",220,220,136,138,214,330,178,222,206,230,220,228,135,163,278,278,146,150,105,105,164,164,212,232
"KlamathRfa.117","KlamathRfa",220,220,132,136,NA,NA,169,173,NA,NA,212,272,147,163,NA,NA,146,150,105,109,164,164,NA,NA
"KlamathRfa.118","KlamathRfa",220,220,136,150,198,282,178,226,NA,NA,232,264,155,163,270,282,148,148,105,109,156,168,NA,NA
"KlamathRfa.119","KlamathRfa",220,226,136,136,262,274,178,214,198,242,216,224,155,167,246,278,146,150,105,105,164,168,NA,NA
"KlamathRfa.120","KlamathRfa",220,224,136,136,206,270,173,210,190,230,220,224,167,171,226,274,150,150,107,109,156,168,NA,NA
"KlamathRfa.121","KlamathRfa",226,228,136,138,282,286,210,214,186,250,228,228,163,175,282,282,146,148,109,109,164,168,188,244
"KlamathRfa.122","KlamathRfa",222,228,132,136,214,306,218,222,206,222,212,232,NA,NA,274,282,146,146,105,109,152,160,184,188
